Name,Date
Rekha Patil,01/01/2026
Aditya Agarwal,02/01/2026
Karan Menon,03/01/2026
Manish Das,04/01/2026
Deepak Patil,05/01/2026
Divya Das,06/01/2026
Simran Ahuja,07/01/2026
Aditya Mehta,08/01/2026
Ajay Nair,09/01/2026
Geeta Patil,10/01/2026
Alia Nair,11/01/2026
Kavita Bhatia,12/01/2026
Pankaj Agarwal,13/01/2026
Harish Dixit,14/01/2026
Anjali Das,15/01/2026
Aarav Pandey,16/01/2026
Rekha Patel,17/01/2026
Kiran Sharma,18/01/2026
Suman Nair,19/01/2026
Geeta Das,20/01/2026
Seema Bose,21/01/2026
Tarun Bhatia,22/01/2026
Neha Deshmukh,23/01/2026
Manish Nair,24/01/2026
Tanya Chauhan,25/01/2026
Kriti Chaudhary,26/01/2026
Tarun Agarwal,27/01/2026
Vivek Agarwal,28/01/2026
Amit Rao,29/01/2026
Priya Chauhan,30/01/2026
Aarav Mehta,31/01/2026
Anjali Shah,01/02/2026
Nitin Das,02/02/2026
Kavita Mishra,03/02/2026
Simran Sharma,04/02/2026
Anil Dixit,05/02/2026
Manish Desai,06/02/2026
Aditya Singh,07/02/2026
Nitin Nair,08/02/2026
Raj Mukherjee,09/02/2026
Kunal Desai,10/02/2026
Varun Verma,11/02/2026
Sanjay Kapoor,12/02/2026
Neha Verma,13/02/2026
Kriti Reddy,14/02/2026
Tarun Mehta,15/02/2026
Pooja Joshi,16/02/2026
Pooja Reddy,17/02/2026
Suresh Agarwal,18/02/2026
Nisha Mehta,19/02/2026
Kavita Nair,20/02/2026
Rashi Pandey,21/02/2026
Swati Ahuja,22/02/2026
Karan Mukherjee,23/02/2026
Pooja Kulkarni,24/02/2026
Nisha Kumar,25/02/2026
Vivek Yadav,26/02/2026
Rahul Singh,27/02/2026
Meena Nair,28/02/2026
Anil Desai,01/03/2026
Meena Desai,02/03/2026
Anil Mehta,03/03/2026
Geeta Das,04/03/2026
Nisha Patel,05/03/2026
Geeta Desai,06/03/2026
Swati Chaudhary,07/03/2026
Karan Mishra,08/03/2026
Maya Iyer,09/03/2026
Maya Mishra,10/03/2026
Vikram Pandey,11/03/2026
Ritu Menon,12/03/2026
Anil Yadav,13/03/2026
Raj Das,14/03/2026
Raj Mehta,15/03/2026
Deepak Kumar,16/03/2026
Vivek Yadav,17/03/2026
Alia Pandey,18/03/2026
Aarav Verma,19/03/2026
Deepak Shah,20/03/2026
Suresh Mehta,21/03/2026
Pankaj Chauhan,22/03/2026
Suresh Patil,23/03/2026
Alia Chaudhary,24/03/2026
Aditya Patil,25/03/2026
Meena Bose,26/03/2026
Sanjay Sharma,27/03/2026
Pankaj Deshmukh,28/03/2026
Gaurav Yadav,29/03/2026
Aditya Chauhan,30/03/2026
Nitin Mukherjee,31/03/2026
Pankaj Mehta,01/04/2026
Kriti Iyer,02/04/2026
Manoj Deshmukh,03/04/2026
Pankaj Desai,04/04/2026
Rahul Rao,05/04/2026
Vivek Bose,06/04/2026
Rahul Mishra,07/04/2026
Alia Chauhan,08/04/2026
Vivek Chaudhary,09/04/2026
Ritu Mukherjee,10/04/2026
Kriti Mehta,11/04/2026
Seema Yadav,12/04/2026
Aditya Gupta,13/04/2026
Vikram Mishra,14/04/2026
Rohit Patel,15/04/2026
Neha Mehta,16/04/2026
Sunita Kulkarni,17/04/2026
Rashi Yadav,18/04/2026
Aditya Joshi,19/04/2026
Rekha Desai,20/04/2026
Nisha Mukherjee,21/04/2026
Seema Dixit,22/04/2026
Manish Verma,23/04/2026
Raj Patil,24/04/2026
Manoj Agarwal,25/04/2026
Geeta Mukherjee,26/04/2026
Ritu Chatterjee,27/04/2026
Seema Patil,28/04/2026
Nisha Kapoor,29/04/2026
Harish Kapoor,30/04/2026
Pankaj Chauhan,01/05/2026
Rohit Menon,02/05/2026
Seema Sharma,03/05/2026
Pooja Dixit,04/05/2026
Sneha Kumar,05/05/2026
Meena Sharma,06/05/2026
Harish Chatterjee,07/05/2026
Nitin Sharma,08/05/2026
Anita Pandey,09/05/2026
Manoj Mukherjee,10/05/2026
Siddharth Verma,11/05/2026
Anita Singh,12/05/2026
Rekha Patel,13/05/2026
Neha Dixit,14/05/2026
Vivek Iyer,15/05/2026
Rashi Yadav,16/05/2026
Siddharth Chaudhary,17/05/2026
Neha Mehta,18/05/2026
Karan Bose,19/05/2026
Pooja Ahuja,20/05/2026
Siddharth Chatterjee,21/05/2026
Kiran Kulkarni,22/05/2026
Rohit Bose,23/05/2026
Swati Agarwal,24/05/2026
Gaurav Deshmukh,25/05/2026
Maya Das,26/05/2026
Kriti Rao,27/05/2026
Ajay Verma,28/05/2026
Manish Reddy,29/05/2026
Kunal Das,30/05/2026
Amit Malhotra,31/05/2026
Maya Patil,01/06/2026
Siddharth Deshmukh,02/06/2026
Tanya Iyer,03/06/2026
Simran Chauhan,04/06/2026
Meena Singh,05/06/2026
Meena Shah,06/06/2026
Aditya Mishra,07/06/2026
Nisha Rao,08/06/2026
Kavita Ahuja,09/06/2026
Maya Sharma,10/06/2026
Karan Patil,11/06/2026
Alia Joshi,12/06/2026
Riya Chaudhary,13/06/2026
Ajay Das,14/06/2026
Siddharth Chauhan,15/06/2026
Swati Chaudhary,16/06/2026
Geeta Mukherjee,17/06/2026
Vikas Patel,18/06/2026
Anita Desai,19/06/2026
Priya Mishra,20/06/2026
Siddharth Verma,21/06/2026
Rahul Yadav,22/06/2026
Rashi Yadav,23/06/2026
Suresh Rao,24/06/2026
Sneha Shah,25/06/2026
Rohit Patel,26/06/2026
Sanjay Chauhan,27/06/2026
Tarun Pandey,28/06/2026
Meena Pandey,29/06/2026
Amit Patil,30/06/2026
Kiran Iyer,01/07/2026
Rashi Reddy,02/07/2026
Gaurav Gupta,03/07/2026
Varun Yadav,04/07/2026
Kriti Desai,05/07/2026
Manoj Malhotra,06/07/2026
Tanya Iyer,07/07/2026
Nisha Mehta,08/07/2026
Neha Nair,09/07/2026
Riya Mukherjee,10/07/2026
Siddharth Joshi,11/07/2026
Suman Sharma,12/07/2026
Harish Gupta,13/07/2026
Aditya Verma,14/07/2026
Nisha Mishra,15/07/2026
Neha Mukherjee,16/07/2026
Nisha Shah,17/07/2026
Kavita Sharma,18/07/2026
Maya Patel,19/07/2026
Vivek Desai,20/07/2026
Raj Kumar,21/07/2026
Siddharth Iyer,22/07/2026
Meena Shah,23/07/2026
Manish Kapoor,24/07/2026
Simran Das,25/07/2026
Geeta Malhotra,26/07/2026
Siddharth Iyer,27/07/2026
Ajay Ahuja,28/07/2026
Ritu Joshi,29/07/2026
Suman Bose,30/07/2026
Nisha Verma,31/07/2026
Aarav Menon,01/08/2026
Nisha Mukherjee,02/08/2026
Siddharth Malhotra,03/08/2026
Kunal Kumar,04/08/2026
Riya Menon,05/08/2026
Divya Iyer,06/08/2026
Alia Mehta,07/08/2026
Rekha Kumar,08/08/2026
Riya Mukherjee,09/08/2026
Vikas Dixit,10/08/2026
Sneha Bose,11/08/2026
Vikram Gupta,12/08/2026
Amit Shah,13/08/2026
Neha Pandey,14/08/2026
Aditya Singh,15/08/2026
Pankaj Yadav,16/08/2026
Nisha Chatterjee,17/08/2026
Pankaj Mukherjee,18/08/2026
Rahul Yadav,19/08/2026
Aditya Kulkarni,20/08/2026
Pooja Chauhan,21/08/2026
Sanjay Patil,22/08/2026
Kavita Mishra,23/08/2026
Divya Mukherjee,24/08/2026
Aditya Chaudhary,25/08/2026
Neha Gupta,26/08/2026
Sanjay Iyer,27/08/2026
Kavita Das,28/08/2026
Anil Gupta,29/08/2026
Sanjay Pandey,30/08/2026
Anil Menon,31/08/2026
Kunal Reddy,01/09/2026
Swati Kumar,02/09/2026
Priya Gupta,03/09/2026
Nisha Nair,04/09/2026
Karan Dixit,05/09/2026
Simran Mukherjee,06/09/2026
Varun Kumar,07/09/2026
Maya Sharma,08/09/2026
Suman Rao,09/09/2026
Pankaj Shah,10/09/2026
Anjali Kulkarni,11/09/2026
Sneha Shah,12/09/2026
Rashi Patil,13/09/2026
Swati Mukherjee,14/09/2026
Vikas Deshmukh,15/09/2026
Pooja Chatterjee,16/09/2026
Divya Menon,17/09/2026
Rohit Patel,18/09/2026
Karan Chatterjee,19/09/2026
Vikas Joshi,20/09/2026
Kiran Mishra,21/09/2026
Simran Menon,22/09/2026
Ritu Chaudhary,23/09/2026
Pankaj Chaudhary,24/09/2026
Divya Gupta,25/09/2026
Tarun Mukherjee,26/09/2026
Rohit Patil,27/09/2026
Pooja Gupta,28/09/2026
Suresh Ahuja,29/09/2026
Varun Chaudhary,30/09/2026
Suman Pandey,01/10/2026
Vivek Menon,02/10/2026
Tarun Joshi,03/10/2026
Suresh Desai,04/10/2026
Swati Nair,05/10/2026
Rohit Chatterjee,06/10/2026
Seema Ahuja,07/10/2026
Meena Das,08/10/2026
Gaurav Gupta,09/10/2026
Neha Das,10/10/2026
Nitin Verma,11/10/2026
Manoj Bose,12/10/2026
Suman Gupta,13/10/2026
Priya Rao,14/10/2026
Vikas Nair,15/10/2026
Ritu Joshi,16/10/2026
Rahul Shah,17/10/2026
Suresh Agarwal,18/10/2026
Manish Yadav,19/10/2026
Nisha Mehta,20/10/2026
Vikram Mishra,21/10/2026
Nisha Mehta,22/10/2026
Anil Joshi,23/10/2026
Rohit Chatterjee,24/10/2026
Divya Mishra,25/10/2026
Deepak Chauhan,26/10/2026
Varun Chatterjee,27/10/2026
Ajay Rao,28/10/2026
Amit Kumar,29/10/2026
Deepak Kapoor,30/10/2026
Rekha Verma,31/10/2026
Suresh Kapoor,01/11/2026
Ritu Malhotra,02/11/2026
Sunita Chaudhary,03/11/2026
Deepak Malhotra,04/11/2026
Deepak Agarwal,05/11/2026
Seema Yadav,06/11/2026
Kavita Bose,07/11/2026
Meena Malhotra,08/11/2026
Manish Malhotra,09/11/2026
Karan Deshmukh,10/11/2026
Tarun Kumar,11/11/2026
Karan Shah,12/11/2026
Kavita Sharma,13/11/2026
Meena Desai,14/11/2026
Anita Das,15/11/2026
Rahul Shah,16/11/2026
Anjali Shah,17/11/2026
Seema Joshi,18/11/2026
Anjali Sharma,19/11/2026
Aditya Das,20/11/2026
Swati Menon,21/11/2026
Sunita Bose,22/11/2026
Pooja Reddy,23/11/2026
Ajay Mukherjee,24/11/2026
Tanya Mishra,25/11/2026
Nisha Bose,26/11/2026
Anjali Rao,27/11/2026
Vikas Gupta,28/11/2026
Ritu Mishra,29/11/2026
Rekha Dixit,30/11/2026
Vivek Patel,01/12/2026
Raj Mukherjee,02/12/2026
Aarav Deshmukh,03/12/2026
Ritu Deshmukh,04/12/2026
Manish Patel,05/12/2026
Gaurav Pandey,06/12/2026
Gaurav Iyer,07/12/2026
Ritu Shah,08/12/2026
Tanya Kapoor,09/12/2026
Siddharth Deshmukh,10/12/2026
Rashi Agarwal,11/12/2026
Ajay Mishra,12/12/2026
Priya Gupta,13/12/2026
Tarun Deshmukh,14/12/2026
Kavita Verma,15/12/2026
Suman Patel,16/12/2026
Rohit Pandey,17/12/2026
Alia Yadav,18/12/2026
Geeta Agarwal,19/12/2026
Rashi Dixit,20/12/2026
Gaurav Joshi,21/12/2026
Ajay Yadav,22/12/2026
Amit Dixit,23/12/2026
Suman Bose,24/12/2026
Nitin Chauhan,25/12/2026
Amit Agarwal,26/12/2026
Nitin Das,27/12/2026
Aarav Desai,28/12/2026
Suman Patil,29/12/2026
Geeta Patil,30/12/2026
Deepak Joshi,31/12/2026
